regulated,external,dummy,change,fee,mode,selector_legal,smt_both,native_full_constraint_and_canonical_layout,planner_acceptance,proof_verification
0,0,0,0,0,0,True,SAT,PASS,not executed,not executed
0,0,0,0,0,1,False,UNSAT,not replayed in matrix,not executed,not executed
0,0,0,0,0,2,False,UNSAT,not replayed in matrix,not executed,not executed
0,0,0,0,0,3,False,UNSAT,not replayed in matrix,not executed,not executed
0,0,0,0,1,0,True,SAT,PASS,not executed,not executed
0,0,0,0,1,1,False,UNSAT,not replayed in matrix,not executed,not executed
0,0,0,0,1,2,False,UNSAT,not replayed in matrix,not executed,not executed
0,0,0,0,1,3,False,UNSAT,not replayed in matrix,not executed,not executed
0,0,0,1,0,0,True,SAT,PASS,not executed,not executed
0,0,0,1,0,1,False,UNSAT,not replayed in matrix,not executed,not executed
0,0,0,1,0,2,False,UNSAT,not replayed in matrix,not executed,not executed
0,0,0,1,0,3,False,UNSAT,not replayed in matrix,not executed,not executed
0,0,0,1,1,0,True,SAT,PASS,not executed,not executed
0,0,0,1,1,1,False,UNSAT,not replayed in matrix,not executed,not executed
0,0,0,1,1,2,False,UNSAT,not replayed in matrix,not executed,not executed
0,0,0,1,1,3,False,UNSAT,not replayed in matrix,not executed,not executed
0,0,1,0,0,0,True,SAT,PASS,not executed,not executed
0,0,1,0,0,1,False,UNSAT,not replayed in matrix,not executed,not executed
0,0,1,0,0,2,False,UNSAT,not replayed in matrix,not executed,not executed
0,0,1,0,0,3,False,UNSAT,not replayed in matrix,not executed,not executed
0,0,1,0,1,0,True,SAT,PASS,not executed,not executed
0,0,1,0,1,1,False,UNSAT,not replayed in matrix,not executed,not executed
0,0,1,0,1,2,False,UNSAT,not replayed in matrix,not executed,not executed
0,0,1,0,1,3,False,UNSAT,not replayed in matrix,not executed,not executed
0,0,1,1,0,0,True,SAT,PASS,not executed,not executed
0,0,1,1,0,1,False,UNSAT,not replayed in matrix,not executed,not executed
0,0,1,1,0,2,False,UNSAT,not replayed in matrix,not executed,not executed
0,0,1,1,0,3,False,UNSAT,not replayed in matrix,not executed,not executed
0,0,1,1,1,0,True,SAT,PASS,not executed,not executed
0,0,1,1,1,1,False,UNSAT,not replayed in matrix,not executed,not executed
0,0,1,1,1,2,False,UNSAT,not replayed in matrix,not executed,not executed
0,0,1,1,1,3,False,UNSAT,not replayed in matrix,not executed,not executed
0,1,0,0,0,0,True,SAT,PASS,not executed,not executed
0,1,0,0,0,1,False,UNSAT,not replayed in matrix,not executed,not executed
0,1,0,0,0,2,False,UNSAT,not replayed in matrix,not executed,not executed
0,1,0,0,0,3,False,UNSAT,not replayed in matrix,not executed,not executed
0,1,0,0,1,0,False,UNSAT,not replayed in matrix,not executed,not executed
0,1,0,0,1,1,False,UNSAT,not replayed in matrix,not executed,not executed
0,1,0,0,1,2,False,UNSAT,not replayed in matrix,not executed,not executed
0,1,0,0,1,3,False,UNSAT,not replayed in matrix,not executed,not executed
0,1,0,1,0,0,True,SAT,PASS,not executed,not executed
0,1,0,1,0,1,False,UNSAT,not replayed in matrix,not executed,not executed
0,1,0,1,0,2,False,UNSAT,not replayed in matrix,not executed,not executed
0,1,0,1,0,3,False,UNSAT,not replayed in matrix,not executed,not executed
0,1,0,1,1,0,False,UNSAT,not replayed in matrix,not executed,not executed
0,1,0,1,1,1,False,UNSAT,not replayed in matrix,not executed,not executed
0,1,0,1,1,2,False,UNSAT,not replayed in matrix,not executed,not executed
0,1,0,1,1,3,False,UNSAT,not replayed in matrix,not executed,not executed
0,1,1,0,0,0,True,SAT,PASS,not executed,not executed
0,1,1,0,0,1,False,UNSAT,not replayed in matrix,not executed,not executed
0,1,1,0,0,2,False,UNSAT,not replayed in matrix,not executed,not executed
0,1,1,0,0,3,False,UNSAT,not replayed in matrix,not executed,not executed
0,1,1,0,1,0,False,UNSAT,not replayed in matrix,not executed,not executed
0,1,1,0,1,1,False,UNSAT,not replayed in matrix,not executed,not executed
0,1,1,0,1,2,False,UNSAT,not replayed in matrix,not executed,not executed
0,1,1,0,1,3,False,UNSAT,not replayed in matrix,not executed,not executed
0,1,1,1,0,0,True,SAT,PASS,not executed,not executed
0,1,1,1,0,1,False,UNSAT,not replayed in matrix,not executed,not executed
0,1,1,1,0,2,False,UNSAT,not replayed in matrix,not executed,not executed
0,1,1,1,0,3,False,UNSAT,not replayed in matrix,not executed,not executed
0,1,1,1,1,0,False,UNSAT,not replayed in matrix,not executed,not executed
0,1,1,1,1,1,False,UNSAT,not replayed in matrix,not executed,not executed
0,1,1,1,1,2,False,UNSAT,not replayed in matrix,not executed,not executed
0,1,1,1,1,3,False,UNSAT,not replayed in matrix,not executed,not executed
1,0,0,0,0,0,True,SAT,PASS,not executed,not executed
1,0,0,0,0,1,False,UNSAT,not replayed in matrix,not executed,not executed
1,0,0,0,0,2,False,UNSAT,not replayed in matrix,not executed,not executed
1,0,0,0,0,3,False,UNSAT,not replayed in matrix,not executed,not executed
1,0,0,0,1,0,True,SAT,PASS,not executed,not executed
1,0,0,0,1,1,False,UNSAT,not replayed in matrix,not executed,not executed
1,0,0,0,1,2,False,UNSAT,not replayed in matrix,not executed,not executed
1,0,0,0,1,3,False,UNSAT,not replayed in matrix,not executed,not executed
1,0,0,1,0,0,True,SAT,PASS,not executed,not executed
1,0,0,1,0,1,False,UNSAT,not replayed in matrix,not executed,not executed
1,0,0,1,0,2,False,UNSAT,not replayed in matrix,not executed,not executed
1,0,0,1,0,3,False,UNSAT,not replayed in matrix,not executed,not executed
1,0,0,1,1,0,True,SAT,PASS,not executed,not executed
1,0,0,1,1,1,False,UNSAT,not replayed in matrix,not executed,not executed
1,0,0,1,1,2,False,UNSAT,not replayed in matrix,not executed,not executed
1,0,0,1,1,3,False,UNSAT,not replayed in matrix,not executed,not executed
1,0,1,0,0,0,True,SAT,PASS,not executed,not executed
1,0,1,0,0,1,False,UNSAT,not replayed in matrix,not executed,not executed
1,0,1,0,0,2,False,UNSAT,not replayed in matrix,not executed,not executed
1,0,1,0,0,3,False,UNSAT,not replayed in matrix,not executed,not executed
1,0,1,0,1,0,True,SAT,PASS,not executed,not executed
1,0,1,0,1,1,False,UNSAT,not replayed in matrix,not executed,not executed
1,0,1,0,1,2,False,UNSAT,not replayed in matrix,not executed,not executed
1,0,1,0,1,3,False,UNSAT,not replayed in matrix,not executed,not executed
1,0,1,1,0,0,True,SAT,PASS,not executed,not executed
1,0,1,1,0,1,False,UNSAT,not replayed in matrix,not executed,not executed
1,0,1,1,0,2,False,UNSAT,not replayed in matrix,not executed,not executed
1,0,1,1,0,3,False,UNSAT,not replayed in matrix,not executed,not executed
1,0,1,1,1,0,True,SAT,PASS,not executed,not executed
1,0,1,1,1,1,False,UNSAT,not replayed in matrix,not executed,not executed
1,0,1,1,1,2,False,UNSAT,not replayed in matrix,not executed,not executed
1,0,1,1,1,3,False,UNSAT,not replayed in matrix,not executed,not executed
1,1,0,0,0,0,True,SAT,PASS,not executed,not executed
1,1,0,0,0,1,True,SAT,PASS,not executed,not executed
1,1,0,0,0,2,True,SAT,PASS,not executed,not executed
1,1,0,0,0,3,True,SAT,PASS,not executed,not executed
1,1,0,0,1,0,False,UNSAT,not replayed in matrix,not executed,not executed
1,1,0,0,1,1,False,UNSAT,not replayed in matrix,not executed,not executed
1,1,0,0,1,2,False,UNSAT,not replayed in matrix,not executed,not executed
1,1,0,0,1,3,False,UNSAT,not replayed in matrix,not executed,not executed
1,1,0,1,0,0,True,SAT,PASS,not executed,not executed
1,1,0,1,0,1,True,SAT,PASS,not executed,not executed
1,1,0,1,0,2,True,SAT,PASS,not executed,not executed
1,1,0,1,0,3,True,SAT,PASS,not executed,not executed
1,1,0,1,1,0,False,UNSAT,not replayed in matrix,not executed,not executed
1,1,0,1,1,1,False,UNSAT,not replayed in matrix,not executed,not executed
1,1,0,1,1,2,False,UNSAT,not replayed in matrix,not executed,not executed
1,1,0,1,1,3,False,UNSAT,not replayed in matrix,not executed,not executed
1,1,1,0,0,0,True,SAT,PASS,not executed,not executed
1,1,1,0,0,1,True,SAT,PASS,not executed,not executed
1,1,1,0,0,2,True,SAT,PASS,not executed,not executed
1,1,1,0,0,3,True,SAT,PASS,not executed,not executed
1,1,1,0,1,0,False,UNSAT,not replayed in matrix,not executed,not executed
1,1,1,0,1,1,False,UNSAT,not replayed in matrix,not executed,not executed
1,1,1,0,1,2,False,UNSAT,not replayed in matrix,not executed,not executed
1,1,1,0,1,3,False,UNSAT,not replayed in matrix,not executed,not executed
1,1,1,1,0,0,True,SAT,PASS,not executed,not executed
1,1,1,1,0,1,True,SAT,PASS,not executed,not executed
1,1,1,1,0,2,True,SAT,PASS,not executed,not executed
1,1,1,1,0,3,True,SAT,PASS,not executed,not executed
1,1,1,1,1,0,False,UNSAT,not replayed in matrix,not executed,not executed
1,1,1,1,1,1,False,UNSAT,not replayed in matrix,not executed,not executed
1,1,1,1,1,2,False,UNSAT,not replayed in matrix,not executed,not executed
1,1,1,1,1,3,False,UNSAT,not replayed in matrix,not executed,not executed
